{"time_last_update":1775873268,"weights":{"frec":0.7,"rece":0.3},"init_weights":{"frec":0.7,"rece":0.3},"norms":{"rece":{"beta":0.001,"mean":6.129344312198551,"var":1.4380520668379435},"frec":{"beta":0.001,"mean":20772.681415675623,"var":1305.2300321067253}},"score_map":{"ljnrUeCdZtwo":{"frec":6.541153599298183,"rece":3.2275581189136884,"final":5.547074955182834}}}