{"time_last_update":1775288024,"weights":{"frec":0.7,"rece":0.3},"init_weights":{"frec":0.7,"rece":0.3},"norms":{"rece":{"beta":0.001,"mean":6.1231642576187575,"var":1.420570324703269},"frec":{"beta":0.001,"mean":20772.203063599758,"var":1193.2497115793244}},"score_map":{"ljnrUeCdZtwo":{"frec":6.565556072380761,"rece":3.205933309566542,"final":5.557669243536495}}}