{"time_last_update":1778380006,"weights":{"frec":0.7,"rece":0.3},"init_weights":{"frec":0.7,"rece":0.3},"norms":{"rece":{"beta":0.001,"mean":6.147413311174078,"var":1.505502309996635},"frec":{"beta":0.001,"mean":20774.265454459462,"var":1715.4736674270348}},"score_map":{"ljnrUeCdZtwo":{"frec":6.536596047098976,"rece":3.1397105885846073,"final":5.517530409544665}}}